Code,Name,Email
ES-001,EVANS JOHN MR,evans_john@mastermail.com
ES-002,LILIAN MS ANDY,msandy@mastermail.com
ES-003,F DR REILLY,reilly_f@cloudmail.com
ES-004,MRS. ALI WHITE,whiteali@ovi.com
ES-005,MIKE BROWN MR,mike@mikebrownltd.com
ES-006,G. K. GROUND PROF,greenkirk@mastermail.com
ES-007,J M HON WILLSON,willsonmathew@ovi.com
ES-008,FRANK PETER REV,frank@africanchurch.org
ES-009,MILTON BUDREY COL,milton_budrey12@ovi.com
ES-010,MISS JULIANA WILLIAM,juliana_william@cloudmail.com
