Code,Name,Full Name,Email
ES-001,EVANS JOHN MR,MR EVANS JOHN,evans_john@mastermail.com
ES-002,LILIAN MS ANDY,MS LILIAN ANDY,msandy@mastermail.com
ES-003,F DR REILLY,DR F REILLY,reilly_f@cloudmail.com
ES-004,MRS. ALI WHITE,MRS. ALI WHITE,whiteali@ovi.com
ES-005,MIKE BROWN MR,MR MIKE BROWN,mike@mikebrownltd.com
ES-006,G. K. GROUND PROF,PROF G. K. GROUND,greenkirk@mastermail.com
ES-007,J M HON WILLSON,HON J M WILLSON,willsonmathew@ovi.com
ES-008,FRANK PETER REV,REV FRANK PETER,frank@africanchurch.org
ES-009,MILTON BUDREY COL,COL MILTON BUDREY,milton_budrey12@ovi.com
ES-010,MISS JULIANA WILLIAM,MISS JULIANA WILLIAM,juliana_william@cloudmail.com
